branch_id,branch_name,city,region,store_format,area_sqm,open_date,close_date
B001,Demo Store 001 - Riyadh,Riyadh,Central,Mall Kiosk,35,2019-06-01,
B002,Demo Store 002 - Riyadh,Riyadh,Central,Mall Kiosk,24,2019-06-01,
B003,Demo Store 003 - Riyadh,Riyadh,Central,Mall Store,60,2019-06-01,
B004,Demo Store 004 - Riyadh,Riyadh,Central,Mall Store,60,2019-06-01,
B005,Demo Store 005 - Riyadh,Riyadh,Central,Mall Store,24,2022-03-10,
B006,Demo Store 006 - Riyadh,Riyadh,Central,Mall Kiosk,60,2019-06-01,
B007,Demo Store 007 - Riyadh,Riyadh,Central,Mall Kiosk,18,2019-06-01,
B008,Demo Store 008 - Riyadh,Riyadh,Central,High Street,18,2019-06-01,
B009,Demo Store 009 - Riyadh,Riyadh,Central,Mall Store,18,2019-06-01,
B010,Demo Store 010 - Qassim,Qassim,Central,Mall Store,80,2019-06-01,
B011,Demo Store 011 - Al Kharj,Al Kharj,Central,High Street,24,2019-06-01,
B012,Demo Store 012 - Riyadh,Riyadh,Central,Mall Store,35,2025-11-20,
B013,Demo Store 013 - Jeddah,Jeddah,Western,High Street,35,2019-06-01,
B014,Demo Store 014 - Jeddah,Jeddah,Western,Mall Store,80,2019-06-01,
B015,Demo Store 015 - Jeddah,Jeddah,Western,Mall Kiosk,80,2019-06-01,
B016,Demo Store 016 - Jeddah,Jeddah,Western,High Street,18,2019-06-01,
B017,Demo Store 017 - Jeddah,Jeddah,Western,High Street,35,2023-11-05,
B018,Demo Store 018 - Makkah,Makkah,Western,Mall Store,24,2019-06-01,
B019,Demo Store 019 - Madinah,Madinah,Western,High Street,18,2019-06-01,
B020,Demo Store 020 - Taif,Taif,Western,High Street,35,2019-06-01,
B021,Demo Store 021 - Jeddah,Jeddah,Western,Mall Store,45,2019-06-01,
B022,Demo Store 022 - Jeddah,Jeddah,Western,Mall Kiosk,45,2019-06-01,
B023,Demo Store 023 - Dammam,Dammam,Eastern,Mall Store,18,2019-06-01,
B024,Demo Store 024 - Khobar,Khobar,Eastern,Mall Store,60,2019-06-01,
B025,Demo Store 025 - Dhahran,Dhahran,Eastern,Mall Store,45,2019-06-01,
B026,Demo Store 026 - Al Ahsa,Al Ahsa,Eastern,High Street,45,2019-06-01,
B027,Demo Store 027 - Jubail,Jubail,Eastern,Mall Store,60,2019-06-01,
B028,Demo Store 028 - Dammam,Dammam,Eastern,Mall Kiosk,60,2019-06-01,
B029,Demo Store 029 - Khobar,Khobar,Eastern,Mall Store,24,2019-06-01,
B030,Demo Store 030 - Dhahran,Dhahran,Eastern,Mall Kiosk,80,2019-06-01,
B031,Demo Store 031 - Abha,Abha,Southern,Mall Kiosk,80,2019-06-01,
B032,Demo Store 032 - Khamis Mushait,Khamis Mushait,Southern,Mall Store,45,2019-06-01,
B033,Demo Store 033 - Jazan,Jazan,Southern,Mall Store,45,2019-06-01,
B034,Demo Store 034 - Najran,Najran,Southern,Mall Store,18,2019-06-01,
B035,Demo Store 035 - Abha,Abha,Southern,Mall Store,80,2019-06-01,
B036,Demo Store 036 - Khamis Mushait,Khamis Mushait,Southern,Mall Store,80,2025-10-15,
B037,Demo Store 037 - Tabuk,Tabuk,Northern,High Street,60,2019-06-01,
B038,Demo Store 038 - Hail,Hail,Northern,Mall Store,80,2025-09-01,
B039,Demo Store 039 - Al Jouf,Al Jouf,Northern,High Street,60,2019-06-01,2026-02-28
B040,Demo Store 040 - Tabuk,Tabuk,Northern,Mall Store,45,2025-02-15,
B999,TEST BRANCH - QA DO NOT USE,Riyadh,Central,Test,0,2024-01-01,
